"","group","TargetBC"
"ACAAGAAGCTGG",1,"ACAAGAAGCTGG"
"AGGATAAGCTTA",1,"AGGATAAGCTTA"
"ATGTTAAAATTG",2,"ATGTTAAAATTG"
"ATTCAAAGTACT",2,"ATTCAAAGTACT"
"ATTTTAATTTGA",2,"ATTTTAATTTGA"
"CCTTTAAGCTGG",1,"CCTTTAAGCTGG"
"GAGCAAACTTGT",1,"GAGCAAACTTGT"
"GCAACAAGGGTG",1,"GCAACAAGGGTG"
"GGGAAAACTGTC",2,"GGGAAAACTGTC"
"GGGGGAAAAACA",1,"GGGGGAAAAACA"
"GGGGGAAAGGCA",2,"GGGGGAAAGGCA"
"GTGGCAACCTTT",1,"GTGGCAACCTTT"
"GTTAGAAAATTA",2,"GTTAGAAAATTA"
"GTTTCAAATGCT",2,"GTTTCAAATGCT"
"TAAGTAATTCTT",2,"TAAGTAATTCTT"
"TACTAAAACGTT",2,"TACTAAAACGTT"
"TAGGTAAAGGAT",2,"TAGGTAAAGGAT"
"TATTAAATAAAT",1,"TATTAAATAAAT"
"TCATAAAGCCTG",2,"TCATAAAGCCTG"
"TGAAGAATGTCA",1,"TGAAGAATGTCA"
"TGAGAAAGAACG",2,"TGAGAAAGAACG"
"TGATCAAAAACA",1,"TGATCAAAAACA"
"TTAGAAACACCT",1,"TTAGAAACACCT"
"TTTTTAAATTCT",2,"TTTTTAAATTCT"
